{"cameraMode":{"drawMode":0,"name":"Shaded","section":"Shading Mode"},"sceneLighting":true,"audioPlay":false,"sceneViewState":{"showFog":false,"showMaterialUpdate":false,"showSkybox":false,"showFlares":false,"showImageEffects":false,"showParticleSystems":true},"in2DMode":false,"pivot":{"x":-0.4879417419433594,"y":1.6185517311096192,"z":-0.4065241813659668},"rotation":{"x":-0.05485963448882103,"y":0.9133338928222656,"z":-0.13132691383361817,"w":-0.38152968883514407},"size":10.0,"orthographic":false}